Name,Age,City,Occupation
John Doe,28,New York,Software Engineer
Jane Smith,34,Los Angeles,Data Scientist
Sam Brown,22,Chicago,Student
Emily Davis,45,Houston,Teacher
Michael Johnson,30,Phoenix,Graphic Designer
Chris Lee,29,San Francisco,Product Manager
Anna White,31,Seattle,UX Designer
David Harris,27,Boston,Marketing Specialist
Laura Clark,33,Denver,HR Manager
Daniel Lewis,26,Miami,Sales Representative
Sophia Walker,38,Atlanta,Business Analyst
James Hall,24,Dallas,Customer Support
Olivia Young,36,Austin,Project Manager
Benjamin King,32,San Diego,Operations Manager
Ava Wright,29,Portland,Content Writer
Mason Scott,25,Las Vegas,Financial Analyst
Isabella Green,37,Charlotte,Accountant
Ethan Adams,28,San Antonio,IT Specialist
Mia Baker,35,Orlando,Graphic Designer
Alexander Nelson,31,Columbus,Software Developer
Charlotte Carter,27,Indianapolis,Data Analyst
William Mitchell,33,Nashville,Web Developer
Amelia Perez,30,Louisville,Digital Marketer
Jameson Roberts,26,Baltimore,Network Engineer
Harper Turner,34,Milwaukee,Systems Administrator
Lucas Phillips,29,Albuquerque,Database Administrator
Evelyn Campbell,32,Tucson,Technical Writer
Henry Parker,28,Fresno,Software Tester
Abigail Evans,36,Sacramento,Cloud Engineer
Sebastian Edwards,31,Kansas City,DevOps Engineer
Emily Collins,27,Mesa,Mobile App Developer
Jack Morris,33,Omaha,Cybersecurity Analyst
Scarlett Rogers,30,Colorado Springs,AI Researcher
Liam Reed,26,Virginia Beach,Machine Learning Engineer
Grace Cook,35,Raleigh,Robotics Engineer
Noah Morgan,31,Long Beach,Data Engineer
Chloe Bell,28,Oakland,Blockchain Developer
Aiden Murphy,34,Minneapolis,Full Stack Developer
Zoe Bailey,29,Tulsa,Game Developer
Lucas Rivera,32,Arlington,Embedded Systems Engineer
Lily Cooper,27,New Orleans,Computer Vision Engineer
Mason Richardson,33,Wichita,Natural Language Processing Specialist
Ella Cox,30,Cleveland,Big Data Engineer
Logan Howard,26,Tampa,Bioinformatics Specialist
Avery Ward,35,Bakersfield,Quantum Computing Researcher
Ethan Brooks,31,Aurora,Augmented Reality Developer
Sofia Foster,28,Anaheim,Virtual Reality Developer
